{
  "name": "o9 ++",
  "colors": {
    // Editor
    "editor.background": "#101010",
    "editor.foreground": "#FFF",
    "editor.selectionBackground": "#FFFFFF25",
    "editor.selectionHighlightBackground": "#FFFFFF25",
    "editorLineNumber.foreground": "#505050",
    "editorWidget.background": "#101010",
    "editorWarning.foreground": "#FFC799",
    "editorError.foreground": "#FF8080",
    "editorOverviewRuler.border": "#101010",
    "editorGutter.addedBackground": "#99FFE4",
    "editorGutter.deletedBackground": "#FF8080",
    "editorGutter.modifiedBackground": "#FFC799",
    "diffEditor.insertedTextBackground": "#99FFE440",
    "diffEditor.insertedLineBackground": "#99FFE440",
    "diffEditor.removedTextBackground": "#FF808040",
    "diffEditor.removedLineBackground": "#FF808040",
    // Sidebar
    "sideBar.background": "#101010",
    "sideBarTitle.foreground": "#A0A0A0",
    "sideBarSectionHeader.foreground": "#A0A0A0",
    "sideBarSectionHeader.background": "#101010",
    // Activity bar
    "activityBar.background": "#101010",
    "activityBar.foreground": "#A0A0A0",
    "activityBarBadge.background": "#FFC799",
    "activityBarBadge.foreground": "#000",
    // Title bar
    "titleBar.activeBackground": "#101010",
    "titleBar.inactiveBackground": "#101010",
    "titleBar.activeForeground": "#7E7E7E",
    "titleBar.inactiveForeground": "#707070",
    // Tab
    "tab.activeBorderTop": "#FFC799",
    // Status bar
    "statusBar.debuggingForeground": "#FFF",
    "statusBar.debuggingBackground": "#101010",
    "statusBar.background": "#101010",
    "statusBar.foreground": "#A0A0A0",
    "statusBarItem.remoteBackground": "#101010",
    "statusBarItem.remoteForeground": "#A0A0A0",
    "statusBar.noFolderBackground": "#101010",
    "statusBar.noFolderForeground": "#A0A0A0",
    // Change explorer active item color
    "list.activeSelectionForeground": "#FFC799",
    "list.inactiveSelectionBackground": "#232323",
    // Global
    "badge.background": "#FFC799",
    "badge.foreground": "#000",
    "button.background": "#FFC799",
    "button.hoverBackground": "#FFCFA8",
    "button.foreground": "#000",
    "focusBorder": "#FFC799",
    "icon.foreground": "#A0A0A0",
    "input.background": "#1C1C1C",
    "list.activeSelectionBackground": "#232323",
    "list.hoverBackground": "#282828",
    "list.errorForeground": "#FF8080",
    "list.highlightForeground": "#FFC799",
    "selection.background": "#666",
    // Brackets
    "editorBracketHighlight.foreground1": "#A0A0A0",
    "editorBracketHighlight.foreground2": "#A0A0A0",
    "editorBracketHighlight.foreground3": "#A0A0A0",
    "editorBracketHighlight.foreground4": "#A0A0A0",
    "editorBracketHighlight.foreground5": "#A0A0A0",
    "editorBracketHighlight.foreground6": "#A0A0A0",
    "editorBracketHighlight.unexpectedBracket.foreground": "#FF8080",
    // Links
    "textLink.foreground": "#FFC799",
    "textLink.activeForeground": "#FFCFA8",
    // Tooltips
    "editorHoverWidget.background": "#161616",
    "editorHoverWidget.border": "#282828",
    // Scrollbar
    "scrollbarSlider.background": "#34343480",
    "scrollbarSlider.hoverBackground": "#343434",
    // Git Decoration
    "gitDecoration.addedResourceForeground": "#99FFE4",
    "gitDecoration.untrackedResourceForeground": "#99FFE4",
    "gitDecoration.modifiedResourceForeground": "#FFC799",
    "gitDecoration.deletedResourceForeground": "#FF8080",
    "gitDecoration.ignoredResourceForeground": "#595959",
    "gitDecoration.conflictingResourceForeground": "#FF8080",
    "gitDecoration.submoduleResourceForeground": "#A0A0A0",
    // Settings
    "settings.modifiedItemIndicator": "#FFC799",
    // Terminal
    "terminal.ansiBlack": "#101010",
    "terminal.ansiBlue": "#FFC799",
    "terminal.ansiBrightBlack": "#101010",
    "terminal.ansiBrightBlue": "#FFC799",
    "terminal.ansiBrightCyan": "#99FFE4",
    "terminal.ansiBrightGreen": "#99FFE4",
    "terminal.ansiBrightMagenta": "#FBADFF",
    "terminal.ansiBrightRed": "#FF8080",
    "terminal.ansiBrightWhite": "#f8f8f2",
    "terminal.ansiBrightYellow": "#FFC799",
    "terminal.ansiCyan": "#99FFE4",
    "terminal.ansiGreen": "#99FFE4",
    "terminal.ansiMagenta": "#FBADFF",
    "terminal.ansiRed": "#FF8080",
    "terminal.ansiWhite": "#e3e3dd",
    "terminal.ansiYellow": "#FFC799",
    "terminal.background": "#101010",
    // Tabs
    "editorGroup.border": "#FFC799",
    "editorGroupHeader.tabsBackground": "#101010",
    "tab.inactiveBackground": "#1C1C1C",
    "tab.border": "#1C1C1C"
  },
  "tokenColors": [
    {
      "name": "Comment",
      "scope": ["comment", "punctuation.definition.comment"],
      "settings": {
        "foreground": "#595959"
      }
    },
    {
      "name": "Variables",
      "scope": [
        "variable",
        "string constant.other.placeholder",
        "entity.name.tag"
      ],
      "settings": {
        "foreground": "#FFF"
      }
    },
    {
      "name": "Colors",
      "scope": ["constant.other.color"],
      "settings": {
        "foreground": "#FFF"
      }
    },
    {
      "name": "Invalid",
      "scope": ["invalid", "invalid.illegal"],
      "settings": {
        "foreground": "#FF8080"
      }
    },
    {
      "name": "Keyword, Storage",
      "scope": ["keyword", "storage.modifier"],
      "settings": {
        "foreground": "#FBADFF"
      }
    },
    {
      "name": "Operator, Misc",
      "scope": [
        "keyword.control",
        "constant.other.color",
        //"punctuation.definition.tag",
        "punctuation.separator.inheritance.php",
        "punctuation.definition.tag.html",
        "punctuation.definition.tag.begin.html",
        "punctuation.definition.tag.end.html",
        "punctuation.section.embedded",
        "keyword.other.template",
        "keyword.other.rust",
        "keyword.other.fn.rust",
        "keyword.other.substitution",
        "storage.type"
      ],
      "settings": {
        "foreground": "#FBADFF"
      }
    },
    {
      "name": "Java Tweak Import",
      "scope": ["keyword.other.import.java"],
      "settings": {
        "foreground": "#FBADFF"
      }
    },
    {
      "name": "Java Tweak Import variable",
      "scope": ["storage.modifier.import.java"],
      "settings": {
        "foreground": "#FFFF"
      }
    },
    {
      "name": "Tag",
      "scope": [
        "entity.name.tag",
        "meta.tag.sgml",
        "markup.deleted.git_gutter"
      ],
      "settings": {
        "foreground": "#FFC799"
      }
    },
    {
      "name": "Function, Special Method",
      "scope": [
        "entity.name.function",
        "variable.function",
        "support.function",
        "keyword.other.special-method"
      ],
      "settings": {
        "foreground": "#FFC799"
      }
    },
    {
      "name": "Block Level Variables",
      "scope": ["meta.block variable.other"],
      "settings": {
        "foreground": "#FFF"
      }
    },
    {
      "name": "Other Variable, String Link",
      "scope": ["support.other.variable", "string.other.link"],
      "settings": {
        "foreground": "#FFF"
      }
    },
    {
      "name": "Number, Constant, Function Argument, Tag Attribute, Embedded",
      "scope": [
        "constant.numeric",
        "support.constant",
        "constant.character",
        "constant.escape",
        "keyword.other.unit",
        "keyword.other",
        "constant.language.boolean"
      ],
      "settings": {
        "foreground": "#FFC799"
      }
    },
    {
      "name": "String, Symbols, Inherited Class",
      "scope": [
        "string",
        "constant.other.symbol",
        "constant.other.key",
        "keyword.other.fn.rust",
        "meta.group.braces.curly constant.other.object.key.js string.unquoted.label.js"
      ],
      "settings": {
        "foreground": "#99FFE4"
      }
    },
    {
      "name": "Class, Support",
      "scope": [
        "entity.name",
        "support.type",
        "support.class",
        "support.other.namespace.use.php",
        "meta.use.php",
        "support.other.namespace.php",
        "markup.changed.git_gutter",
        "support.type.sys-types"
      ],
      "settings": {
        "foreground": "#FFC799"
      }
    },
    {
      "name": "CSS Class and Support",
      "scope": [
        "source.css support.type.property-name",
        "source.sass support.type.property-name",
        "source.scss support.type.property-name",
        "source.less support.type.property-name",
        "source.stylus support.type.property-name",
        "source.postcss support.type.property-name",
        "source.postcss support.type.property-name",
        "support.type.vendored.property-name.css",
        "source.css.scss entity.name.tag",
        "variable.parameter.keyframe-list.css",
        "meta.property-name.css",
        "variable.parameter.url.scss",
        "meta.property-value.scss",
        "meta.property-value.css"
      ],
      "settings": {
        "foreground": "#FFF"
      }
    },
    {
      "name": "Sub-methods",
      "scope": [
        "entity.name.module.js",
        "variable.import.parameter.js",
        "variable.other.class.js"
      ],
      "settings": {
        "foreground": "#FF8080"
      }
    },
    {
      "name": "Variable immutable",
      "scope": ["variable.other.constant"],
      "settings": {
        "foreground": "#99FFE4"
      }
    },
    {
      "name": "Language methods",
      "scope": ["variable.language"],
      "settings": {
        "foreground": "#FFFF"
      }
    },
    {
      "name": "entity.name.method.js",
      "scope": ["entity.name.method.js"],
      "settings": {
        "foreground": "#FFFF"
      }
    },
    {
      "name": "meta.method.js",
      "scope": [
        "meta.class-method.js entity.name.function.js",
        "variable.function.constructor"
      ],
      "settings": {
        "foreground": "#FFFF"
      }
    },
    {
      "name": "Attributes",
      "scope": [
        "entity.other.attribute-name",
        "meta.property-list.scss",
        "meta.attribute-selector.scss",
        "meta.property-value.css",
        "entity.other.keyframe-offset.css",
        "meta.selector.css",
        "entity.name.tag.reference.scss",
        "entity.name.tag.nesting.css",
        "punctuation.separator.key-value.css"
      ],
      "settings": {
        "foreground": "#FFFF"
      }
    },
    {
      "name": "HTML Attributes",
      "scope": [
        "text.html.basic entity.other.attribute-name.html",
        "text.html.basic entity.other.attribute-name"
      ],
      "settings": {
        "foreground": "#FFC799"
      }
    },
    {
      "name": "CSS Classes",
      "scope": [
        "entity.other.attribute-name.class",
        "entity.other.attribute-name.id",
        "meta.attribute-selector.scss",
        "variable.parameter.misc.css"
      ],
      "settings": {
        "foreground": "#FFC799"
      }
    },
    {
      "name": "CSS ID's",
      "scope": ["source.sass keyword.control", "meta.attribute-selector.scss"],
      "settings": {
        "foreground": "#99FFE4"
      }
    },
    {
      "name": "Inserted",
      "scope": ["markup.inserted"],
      "settings": {
        "foreground": "#99FFE4"
      }
    },
    {
      "name": "Deleted",
      "scope": ["markup.deleted"],
      "settings": {
        "foreground": "#FF8080"
      }
    },
    {
      "name": "Changed",
      "scope": ["markup.changed"],
      "settings": {
        "foreground": "#A0A0A0"
      }
    },
    {
      "name": "Regular Expressions",
      "scope": ["string.regexp"],
      "settings": {
        "foreground": "#A0A0A0"
      }
    },
    {
      "name": "Escape Characters",
      "scope": ["constant.character.escape"],
      "settings": {
        "foreground": "#A0A0A0"
      }
    },
    {
      "name": "URL",
      "scope": ["*url*", "*link*", "*uri*"],
      "settings": {
        "fontStyle": "underline"
      }
    },
    {
      "name": "Decorators",
      "scope": [
        "tag.decorator.js entity.name.tag.js",
        "tag.decorator.js punctuation.definition.tag.js"
      ],
      "settings": {
        "foreground": "#FFFF"
      }
    },
    {
      "name": "ES7 Bind Operator",
      "scope": [
        "source.js constant.other.object.key.js string.unquoted.label.js"
      ],
      "settings": {
        "fontStyle": "italic",
        "foreground": "#FF8080"
      }
    },
    {
      "name": "JSON Key - Level 0",
      "scope": [
        "source.json meta.structure.dictionary.json support.type.property-name.json"
      ],
      "settings": {
        "foreground": "#FFC799"
      }
    },
    {
      "name": "JSON Key - Level 1",
      "scope": [
        "source.json meta.structure.dictionary.json meta.structure.dictionary.value.json meta.structure.dictionary.json support.type.property-name.json"
      ],
      "settings": {
        "foreground": "#FFC799"
      }
    },
    {
      "name": "JSON Key - Level 2",
      "scope": [
        "source.json meta.structure.dictionary.json meta.structure.dictionary.value.json meta.structure.dictionary.json meta.structure.dictionary.value.json meta.structure.dictionary.json support.type.property-name.json"
      ],
      "settings": {
        "foreground": "#FFC799"
      }
    },
    {
      "name": "JSON Key - Level 3",
      "scope": [
        "source.json meta.structure.dictionary.json meta.structure.dictionary.value.json meta.structure.dictionary.json meta.structure.dictionary.value.json meta.structure.dictionary.json meta.structure.dictionary.value.json meta.structure.dictionary.json support.type.property-name.json"
      ],
      "settings": {
        "foreground": "#FFC799"
      }
    },
    {
      "name": "JSON Key - Level 4",
      "scope": [
        "source.json meta.structure.dictionary.json meta.structure.dictionary.value.json meta.structure.dictionary.json meta.structure.dictionary.value.json meta.structure.dictionary.json meta.structure.dictionary.value.json meta.structure.dictionary.json meta.structure.dictionary.value.json meta.structure.dictionary.json support.type.property-name.json"
      ],
      "settings": {
        "foreground": "#FFC799"
      }
    },
    {
      "name": "JSON Key - Level 5",
      "scope": [
        "source.json meta.structure.dictionary.json meta.structure.dictionary.value.json meta.structure.dictionary.json meta.structure.dictionary.value.json meta.structure.dictionary.json meta.structure.dictionary.value.json meta.structure.dictionary.json meta.structure.dictionary.value.json meta.structure.dictionary.json meta.structure.dictionary.value.json meta.structure.dictionary.json support.type.property-name.json"
      ],
      "settings": {
        "foreground": "#FFC799"
      }
    },
    {
      "name": "JSON Key - Level 6",
      "scope": [
        "source.json meta.structure.dictionary.json meta.structure.dictionary.value.json meta.structure.dictionary.json meta.structure.dictionary.value.json meta.structure.dictionary.json meta.structure.dictionary.value.json meta.structure.dictionary.json meta.structure.dictionary.value.json meta.structure.dictionary.json meta.structure.dictionary.value.json meta.structure.dictionary.json meta.structure.dictionary.value.json meta.structure.dictionary.json support.type.property-name.json"
      ],
      "settings": {
        "foreground": "#FFC799"
      }
    },
    {
      "name": "JSON Key - Level 7",
      "scope": [
        "source.json meta.structure.dictionary.json meta.structure.dictionary.value.json meta.structure.dictionary.json meta.structure.dictionary.value.json meta.structure.dictionary.json meta.structure.dictionary.value.json meta.structure.dictionary.json meta.structure.dictionary.value.json meta.structure.dictionary.json meta.structure.dictionary.value.json meta.structure.dictionary.json meta.structure.dictionary.value.json meta.structure.dictionary.json meta.structure.dictionary.value.json meta.structure.dictionary.json support.type.property-name.json"
      ],
      "settings": {
        "foreground": "#FFC799"
      }
    },
    {
      "name": "JSON Key - Level 8",
      "scope": [
        "source.json meta.structure.dictionary.json meta.structure.dictionary.value.json meta.structure.dictionary.json meta.structure.dictionary.value.json meta.structure.dictionary.json meta.structure.dictionary.value.json meta.structure.dictionary.json meta.structure.dictionary.value.json meta.structure.dictionary.json meta.structure.dictionary.value.json meta.structure.dictionary.json meta.structure.dictionary.value.json meta.structure.dictionary.json meta.structure.dictionary.value.json meta.structure.dictionary.json meta.structure.dictionary.value.json meta.structure.dictionary.json support.type.property-name.json"
      ],
      "settings": {
        "foreground": "#FFC799"
      }
    },
    {
      "name": "Markdown - Plain",
      "scope": [
        "text.html.markdown",
        "punctuation.definition.list_item.markdown"
      ],
      "settings": {
        "foreground": "#FFF"
      }
    },
    {
      "name": "Markdown - Markup Raw Inline",
      "scope": ["text.html.markdown markup.inline.raw.markdown"],
      "settings": {
        "foreground": "#A0A0A0"
      }
    },
    {
      "name": "Markdown - Markup Raw Inline Punctuation",
      "scope": [
        "text.html.markdown markup.inline.raw.markdown punctuation.definition.raw.markdown"
      ],
      "settings": {
        "foreground": "#FFF"
      }
    },
    {
      "name": "Markdown - Heading",
      "scope": [
        "markdown.heading",
        "markup.heading | markup.heading entity.name",
        "markup.heading.markdown punctuation.definition.heading.markdown",
        "markup.heading",
        "markup.inserted.git_gutter"
      ],
      "settings": {
        "foreground": "#FFC799"
      }
    },
    {
      "name": "Markup - Italic",
      "scope": ["markup.italic"],
      "settings": {
        "fontStyle": "italic",
        "foreground": "#FFF"
      }
    },
    {
      "name": "Markup - Bold",
      "scope": ["markup.bold", "markup.bold string"],
      "settings": {
        "fontStyle": "bold",
        "foreground": "#FFF"
      }
    },
    {
      "name": "Markup - Bold-Italic",
      "scope": [
        "markup.bold markup.italic",
        "markup.italic markup.bold",
        "markup.quote markup.bold",
        "markup.bold markup.italic string",
        "markup.italic markup.bold string",
        "markup.quote markup.bold string"
      ],
      "settings": {
        "fontStyle": "bold",
        "foreground": "#FFF"
      }
    },
    {
      "name": "Markup - Underline",
      "scope": ["markup.underline"],
      "settings": {
        "fontStyle": "underline",
        "foreground": "#FFC799"
      }
    },
    {
      "name": "Markdown - Blockquote",
      "scope": ["markup.quote punctuation.definition.blockquote.markdown"],
      "settings": {
        "foreground": "#FFF"
      }
    },
    {
      "name": "Markup - Quote",
      "scope": ["markup.quote"],
      "settings": {
        "foreground": "#99FFE4"
      }
    },
    {
      "name": "Markdown - Link",
      "scope": ["string.other.link.title.markdown"],
      "settings": {
        "foreground": "#FFFF"
      }
    },
    {
      "name": "Markdown - Link Description",
      "scope": ["string.other.link.description.title.markdown"],
      "settings": {
        "foreground": "#A0A0A0"
      }
    },
    {
      "name": "Markdown - Link Anchor",
      "scope": ["constant.other.reference.link.markdown"],
      "settings": {
        "foreground": "#FFC799"
      }
    },
    {
      "name": "Markup - Raw Block",
      "scope": ["markup.raw.block"],
      "settings": {
        "foreground": "#A0A0A0"
      }
    },
    {
      "name": "Markdown - Raw Block Fenced",
      "scope": ["markup.raw.block.fenced.markdown"],
      "settings": {
        "foreground": "#00000050"
      }
    },
    {
      "name": "Markdown - Fenced Bode Block",
      "scope": ["punctuation.definition.fenced.markdown"],
      "settings": {
        "foreground": "#00000050"
      }
    },
    {
      "name": "Markdown - Fenced Bode Block Variable",
      "scope": [
        "markup.raw.block.fenced.markdown",
        "variable.language.fenced.markdown",
        "punctuation.section.class.end"
      ],
      "settings": {
        "foreground": "#FFF"
      }
    },
    {
      "name": "Markdown - Fenced Language",
      "scope": ["variable.language.fenced.markdown"],
      "settings": {
        "foreground": "#FFF"
      }
    },
    {
      "name": "Markdown - Separator",
      "scope": ["meta.separator"],
      "settings": {
        "fontStyle": "bold",
        "foreground": "#65737E"
      }
    },
    {
      "name": "Markup - Table",
      "scope": ["markup.table"],
      "settings": {
        "foreground": "#FFF"
      }
    }
  ]
}
